{"face": {"_completely_detected": "1", "_absent": "0", "_centroid": [0.4000124416568063, 0.3150926720012318, -0.20656881007281216], "nose": [0.4008048474788666, 0.32046952843666077, -0.23886549472808838], "left_eye_inner": [0.4044751524925232, 0.3088453412055969, -0.2247694730758667], "left_eye": [0.4067837595939636, 0.30921924114227295, -0.2247857302427292], "left_eye_outer": [0.40856361389160156, 0.3095642924308777, -0.2248307764530182], "right_eye_inner": [0.3968942165374756, 0.3078339397907257, -0.22574838995933533], "right_eye": [0.39422285556793213, 0.3075147569179535, -0.22577254474163055], "right_eye_outer": [0.3915540277957916, 0.3072878122329712, -0.22575584053993225], "left_ear": [0.41048702597618103, 0.3145677447319031, -0.1329951286315918], "right_ear": [0.3868723511695862, 0.31191232800483704, -0.13858439028263092], "mouth_left": [0.4047892689704895, 0.335260808467865, -0.2042364776134491], "mouth_right": [0.39468973875045776, 0.333543598651886, -0.20591266453266144]}, "body": {"_completely_detected": "1", "_absent": "0", "_centroid": [0.3929925933480263, 0.4730662629008293, -0.037071722093969584], "left_shoulder": [0.4298209547996521, 0.3949853181838989, -0.07549058645963669], "right_shoulder": [0.3609144687652588, 0.378682404756546, -0.07278291136026382], "left_hip": [0.40991249680519104, 0.5601400136947632, -0.002056395635008812], "right_hip": [0.3713224530220032, 0.5584573149681091, 0.0020430050790309906]}, "left_arm": {"_completely_detected": "1", "_absent": "0", "_centroid": [0.44006009101867677, 0.5005013823509217, -0.28635512590408324], "left_elbow": [0.4559689164161682, 0.4606020748615265, -0.1307668387889862], "left_wrist": [0.44253191351890564, 0.5065415501594543, -0.3018548786640167], "left_pinky": [0.4361747205257416, 0.5278130769729614, -0.34188443422317505], "left_index": [0.4319424033164978, 0.5080519318580627, -0.34906989336013794], "left_thumb": [0.43368250131607056, 0.49949827790260315, -0.30819958448410034]}, "right_arm": {"_completely_detected": "1", "_absent": "0", "_centroid": [0.3391890048980713, 0.4733509302139282, -0.25154287964105604], "right_elbow": [0.3233431577682495, 0.42848268151283264, -0.11775169521570206], "right_wrist": [0.3380962014198303, 0.4747152030467987, -0.2648228108882904], "right_pinky": [0.34094902873039246, 0.4931647479534149, -0.29845350980758667], "right_index": [0.3463916778564453, 0.48814043402671814, -0.30611178278923035], "right_thumb": [0.34716495871543884, 0.4822515845298767, -0.2705745995044708]}, "left_leg": {"_completely_detected": "1", "_absent": "0", "_centroid": [0.4055689573287964, 0.8086003065109253, 0.04977289238013327], "left_knee": [0.4078432023525238, 0.7024160623550415, -0.02283722348511219], "left_ankle": [0.40283483266830444, 0.8242229223251343, 0.10002245754003525], "left_heel": [0.39671212434768677, 0.8427579402923584, 0.10699786245822906], "left_foot_index": [0.41488566994667053, 0.865004301071167, 0.014908473007380962]}, "right_leg": {"_completely_detected": "1", "_absent": "0", "_centroid": [0.37048985809087753, 0.8110720962285995, 0.05861535482108593], "right_knee": [0.36625492572784424, 0.7015663981437683, -0.004541775211691856], "right_ankle": [0.37472471594810486, 0.8271860480308533, 0.1072545200586319], "right_heel": [0.37876155972480774, 0.8469627499580383, 0.11278317868709564], "right_foot_index": [0.3622182309627533, 0.8685731887817383, 0.018965495750308037]}}